Stella,Hardy
Alfredo,Grant
Rex,Williamson
Lionel,Norris
Tracy,Burns
Frederick,Warner
Irvin,Knight
Luz,Phillips
Dorothy,Hicks
Amelia,Banks
Charlene,Massey
Phyllis,Erickson
Marian,Cain
Jesus,Lopez
Leigh,Arnold
Mary,Ryan
Frankie,Christensen
Helen,Matthews
Mandy,Berry
Josephine,Evans
Julie,Wagner
Mathew,Baldwin
Olivia,Beck
Gayle,Mason
Christy,Murray
Paul,Aguilar
Lester,Pierce
Sheri,Doyle
Deanna,Barnett
Clay,Norton
Simon,Gibbs
Jaime,Floyd
Juanita,Ferguson
Carol,Sullivan
Bill,Carson
Greg,Paul
Douglas,Edwards
Eula,Douglas
Lena,Fleming
Edward,Holmes
Darren,Cole
Clark,Cooper
Carole,Hammond
Ethel,Foster
Tricia,Brady
Phil,Mcdonald
Mack,Barton
Frances,Townsend
Marlene,Schmidt
Kari,Sanchez
Kayla,Allison
Patti,Gray
Janis,Howard
Bryan,Glover
Ken,Quinn
Cristina,Stokes
Krystal,Lawrence
Erick,Green
James,Conner
Orlando,Maxwell
Vanessa,Weaver
Lynda,Gardner
Angelica,Henry
Archie,Ball
Francisco,Jensen
Dixie,Wood
Norman,Francis
Kelly,Willis
Colleen,Day
Lynne,Coleman
Scott,Bell
Maryann,Fitzgerald
Leslie,Owen
Rolando,Dixon
Oliver,Patterson
Alan,Daniels
Patsy,Nash
Jaime,Jackson
Grace,Hansen
Bert,Holt
Brandy,Austin
Yolanda,Perry
Alexandra,Craig
Gene,Schultz
Ricardo,Waters
Daisy,Sims
Leonard,Brock
Bradley,Terry
Jesse,Weber
Sheldon,Collins
Jane,Gonzales
Ryan,Robinson
Vernon,Baker
Lillian,Mccormick
Rochelle,Yates
Eloise,Wong
Steven,Walters
Rudolph,Bishop
Allison,Clayton
Cathy,Bass
Florence,Wise
Abel,Massey
Adam,Parker
Jermaine,Chavez
Dwayne,Gomez
Karla,Wolfe
Jan,Hill
Delbert,Mcdaniel
Franklin,Walker
Jody,Vega
Miriam,Ward
Nelson,Robinson
Clarence,Baldwin
Vernon,Shelton
Earnest,Craig
Sean,Freeman
Arlene,Cook
Julia,Wood
William,Baker
Scott,Davis
Gwendolyn,Cole
Homer,Johnston
Maureen,Park
Danny,Singleton
Eileen,Sandoval
Jenna,Hubbard
Leo,Schneider
Fred,Williams
Victoria,Henry
Whitney,King
Jason,Parsons
Claude,Steele
Erica,Burke
Marian,Mcdonald
Kelly,Boyd
Lillian,Frank
Barbara,Garrett
Muriel,Logan
Alfonso,Crawford
Philip,Barton
Esther,Perez
Freddie,Mccoy
Maggie,Hale
Stanley,Roy
Edgar,Jones
Neil,Perkins
Alvin,Lewis
Kristin,Bell
Lionel,Foster
Theresa,Moreno
Tom,Blair
Ruben,Malone
Hugh,Quinn
Sherry,Nash
Sherri,Lamb
Warren,Benson
Kay,Barber
Jamie,Vaughn
Jessie,Moran
Reginald,Woods
Rosemarie,Osborne
Colleen,Guzman
Moses,Simpson
Seth,Tyler
Ed,Howard
Dallas,Long
Kathleen,Rice
Edward,Murphy
Juan,Kennedy
John,Bryant
Lloyd,Holloway
Loren,Conner
Antoinette,Garcia
Orville,Hoffman
Traci,Douglas
Teresa,Jimenez
Felix,Stevens
Irene,Graves
Linda,Watson
Evelyn,Welch
Brandy,Evans
Bob,Carroll
Wanda,Mathis
Kristi,Owen
Sarah,Norman
Cathy,Hanson
Alejandro,Guerrero
Raquel,Wallace
Marlene,Love
Kate,Fields
Joan,Rowe
Lucy,Brooks
Lee,Greer
Lisa,Jacobs
Wilson,Mason
Terrance,Maldonado
Norma,Mack
Guillermo,Carpenter
Trevor,Mendez
Brett,Goodwin
Barbara,Beck
Ella,Henderson
Tommy,Steele
Shelia,Dunn
Rudolph,Sparks
Belinda,Johnston
Fred,Garza
Holly,French
Stewart,Moss
Eddie,George
Christopher,Taylor
Carroll,Curry
Beth,Bradley
Tony,Scott
Leigh,Cole
Olivia,Grant
Cesar,Rose
Chelsea,Vega
Lana,Carr
Gregg,Rhodes
Margaret,Duncan
Jody,Clarke
Javier,Horton
Salvador,Casey
Stella,Waters
Jake,Hogan
Natalie,Curtis
Kelli,Figueroa
Tamara,Diaz
Vivian,Phelps
Doyle,Stewart
Muriel,Reynolds
Elsie,Reyes
Matthew,Fisher
Douglas,Parker
Amy,Perry
Rosemary,Griffin
Allan,Tucker
Katherine,Hayes
Myron,Clark
Brett,Mclaughlin
Eleanor,Mccarthy
June,Oliver
Rufus,Cummings
Andrew,Brooks
Emmett,Herrera
Joe,Stokes
Norma,Gutierrez
Sara,Garner
Nathaniel,Hoffman
Derrick,Bailey
Garry,Cortez
Chad,Powers
Jodi,Thornton
Cedric,Allen
Janice,Lane
Jim,Henry
Simon,Higgins
Jacqueline,Walker
Nathan,Nguyen
Marshall,Goodman
Spencer,Reid
Tommie,Hunter
Amanda,Meyer
Margarita,Singleton
Kevin,Logan
Timothy,Paul
Marcia,Keller
Lynette,Abbott
Jessie,Warren
Marion,Ross
Josephine,Rice
Willie,Nunez
Bennie,Ward
Harvey,Blair
Melinda,Powell
Roland,Robbins
Laverne,Baldwin
Alton,Ortega
Terrence,Fox
Traci,Pittman
Eugene,Marshall
Meredith,Wilkins
Damon,Lawson
Tracy,Ellis
May,Cox
Gustavo,Vaughn
Teri,Gilbert
Sophia,Baker
Omar,Roberts
Beatrice,Foster
Bessie,Wallace
Ernest,Hernandez
Alice,Benson
Carrie,Hughes
Andy,Ramirez
Albert,Carlson
Julie,Townsend
Kathryn,Conner
Brandon,Morgan
Rosalie,Hughes
Eddie,Sanchez
Elbert,Manning
Willie,Moody
Tommy,Pittman
Sabrina,Collier
Tommie,Ballard
Tabitha,Holloway
Julia,Wade
Casey,Armstrong
Cesar,Ingram
Elaine,Williamson
Constance,Richards
Alexander,Stephens
Blanche,Palmer
Allan,Barton
Christian,Patton
Ella,Vasquez
Miriam,Montgomery
Garry,Rodriquez
Mable,Parker
Stacy,Holt
Melba,Kelly
Albert,Silva
Marcos,Schneider
Marilyn,Holland
Patti,Mathis
Eileen,Johnston
Darryl,Malone
Gabriel,Wise
Cecilia,Francis
Della,Maldonado
Katrina,Jefferson
Priscilla,Nichols
Elena,George
Eduardo,Ramos
Carlton,Hayes
Juanita,Clark
Faith,Glover
Ruby,Gregory
Daniel,Bass
Terrell,Lane
Bob,Bennett
Vincent,Sharp
Shannon,Hopkins
Darrin,Lopez
Eric,Carter
Jason,Hoffman
Terrance,Sanders
Renee,Powell
Josephine,Norton
Lucas,Graves
Gilberto,Paul
Evan,Obrien
Tracy,Johnson
Joann,Reese
Luis,Vega
Sidney,Zimmerman
Bernadette,Vaughn
Salvatore,Warren
Tyrone,Gonzalez
Brad,Romero
Bridget,Logan
Matt,Hampton
Anna,Evans
Lydia,Burton
Faye,Rodriguez
Spencer,Cortez
Roderick,Burns
Erika,Buchanan
Megan,Castillo
Wilson,Owens
Janis,Jenkins
Frances,Kim
Sally,Soto
Nellie,Harrison
Johnathan,Alvarado
Karla,Pena
Olga,Drake
Merle,Luna
Miranda,Banks
Toni,Reeves
Sheryl,Gross
Martha,Burgess
Arnold,Lindsey
Alexandra,Mendoza
Jose,Ramirez
Juan,Klein
Susan,Chandler
Pablo,Davidson
Wilbur,Bailey
Cristina,Park
Gloria,Keller
James,Smith
Mona,Simmons
Tracy,Gutierrez
Stuart,Payne
Nina,Gray
Flora,Mclaughlin
Rose,Hart
Jacqueline,Banks
Jeremy,Blake
Mandy,Leonard
Tracey,Douglas
Sylvester,Dunn
Neil,Watts
Ella,Lee
Rhonda,Bryant
Agnes,Porter
Patricia,Summers
Luke,Hart
Tommie,Cannon
Cary,Underwood
Ricardo,Miles
Freddie,Diaz
Clyde,Gomez
Dora,Craig
Arthur,Green
Stewart,Fuller
Flora,Davis
Sidney,Marshall
Leslie,Nguyen
Kayla,Thompson
Christie,Cole
Luther,Caldwell
Elmer,Patterson
Cecilia,Guerrero
Sophia,Drake
Terry,Crawford
Ellen,Delgado
Al,Owens
Marty,Russell
Ramiro,Howell
Kerry,Collier
Charlie,Reed
Felicia,Hudson
Leon,Gilbert
Sarah,Walters
Jose,Ford
Jennie,Gross
Shannon,Carter
Carlton,Morales
Tami,Fisher
Randall,Peters
Orville,Hall
Vickie,Huff
Juan,Pena
Elsie,Garcia
Sophie,Rodriquez
Alice,Parks
Danny,Reese
Viola,Bishop
Otis,Woods
Sherry,Harvey
Tanya,Lynch
Tracy,Vargas
Mabel,Osborne
Virginia,Jensen
Cornelius,Collins
Katherine,Stone
Suzanne,Reid
Emily,Walsh
Belinda,Robertson
Nichole,Dixon
Pat,Gardner
Faith,Bowers
Toni,Mccarthy
Saul,Harris
Laverne,Vega
Wilbert,Francis
Penny,Hansen
Dawn,Harrington
Lorraine,Graham
Sammy,Moss
Cheryl,Santiago
Meghan,Reyes
Violet,Dennis
Ida,Oliver
Tina,Glover
Angelica,Snyder
Roxanne,Owen
Erin,Evans
Beverly,Rodgers
Paulette,Jefferson
Traci,Hubbard
Joann,Mcdonald
Jamie,Pittman
Dorothy,Bates
Clifford,May
Barbara,Mccormick
Roland,Bush
Rosemary,Munoz
Wade,Lloyd
Monique,Mendoza
Lynn,Gutierrez
Donnie,Morrison
Devin,Lamb
Rachael,Romero
Herman,Mendez
Claudia,Fernandez